Фамилия Имя; E-mail; Дата рождения; Зарегистрирован; Статус
Иванов Иван; ivan@aaa.ru; 12.01.1974; 12.12.2007 15:41; On
Петров Петр; petr@mailtest.ru; 01.03.1969; 13.12.2007 20:41; Off
Сидоров Семен; sidr@test2.ru; 02.03.1989; 14.12.2007 5:21; Off
Пупкин Василий; pupkin@testtest.ru; 18.11.1988; 15.12.2007 15:41; On
Кузнецов Александр; smith@smith.com; 04.03.1999; 16.12.2007 3:28; On
Пушкин Александр; pas@pas.ru; 06.06.1799; 17.12.2007 15:41; Off
Лермонтов Михаил; lermontov@yyyy.ru; 03.10.1814; 18.12.2007 15:41; Off
Гоголь Николай; gogol@gggg.ru; 19.03.1809; 19.12.1999 15:41; Off